instrument,instrumentLabel,image
http://www.wikidata.org/entity/Q6607,guitar,http://commons.wikimedia.org/wiki/Special:FilePath/Classical%20Guitar%20two%20views.jpg
http://www.wikidata.org/entity/Q8338,trumpet,http://commons.wikimedia.org/wiki/Special:FilePath/Trumpet%201.png
http://www.wikidata.org/entity/Q8343,clarinet,http://commons.wikimedia.org/wiki/Special:FilePath/Klarinetten%20von%20Herbert%20Wurlitzer%202.jpg
http://www.wikidata.org/entity/Q8345,bass clarinet,http://commons.wikimedia.org/wiki/Special:FilePath/FAU%20Bass%20B%20Mp.jpg
http://www.wikidata.org/entity/Q8347,bagpipes,http://commons.wikimedia.org/wiki/Special:FilePath/Abraham%20Bloemaert%20-%20The%20Bagpiper%20-%20WGA02274.jpg
http://www.wikidata.org/entity/Q8350,trombone,http://commons.wikimedia.org/wiki/Special:FilePath/Yamaha%20Tenor%20trombone%20YSL-891Z.tif
http://www.wikidata.org/entity/Q8355,violin,http://commons.wikimedia.org/wiki/Special:FilePath/Violin%20VL100.png
http://www.wikidata.org/entity/Q8371,cello,http://commons.wikimedia.org/wiki/Special:FilePath/Cello%20front%20side.png
http://www.wikidata.org/entity/Q8374,cimbalom,http://commons.wikimedia.org/wiki/Special:FilePath/BuikCymbaal.jpg
http://www.wikidata.org/entity/Q8377,oboe,http://commons.wikimedia.org/wiki/Special:FilePath/M%C3%B6nnig%2C%20Oboe%20Modell%20155%20Albrecht%20Mayer.jpg
http://www.wikidata.org/entity/Q8380,oboe d'amore,http://commons.wikimedia.org/wiki/Special:FilePath/Oboen%2C%20modern%2Bhist.jpg
http://www.wikidata.org/entity/Q9798,saxophone,http://commons.wikimedia.org/wiki/Special:FilePath/A%20Saxophone.jpg
http://www.wikidata.org/entity/Q11405,flute,http://commons.wikimedia.org/wiki/Special:FilePath/Fluiers.jpg
http://www.wikidata.org/entity/Q39777,maraca,http://commons.wikimedia.org/wiki/Special:FilePath/Sambaballen.JPG
http://www.wikidata.org/entity/Q48298,shofar,http://commons.wikimedia.org/wiki/Special:FilePath/Liten%20askenasisk%20sjofar%205380.jpg
http://www.wikidata.org/entity/Q51290,harmonica,http://commons.wikimedia.org/wiki/Special:FilePath/16-hole%20chrom%2010-hole%20diatonic.jpg
http://www.wikidata.org/entity/Q61285,ukulele,http://commons.wikimedia.org/wiki/Special:FilePath/Ukulele4.png
http://www.wikidata.org/entity/Q76239,zither,http://commons.wikimedia.org/wiki/Special:FilePath/Zither.png
http://www.wikidata.org/entity/Q78987,electric guitar,http://commons.wikimedia.org/wiki/Special:FilePath/Yngwie%20Malmsteen%27s%20electric%20guitar.jpg
http://www.wikidata.org/entity/Q80019,double bass,http://commons.wikimedia.org/wiki/Special:FilePath/AGK%20bass1%20full.jpg
http://www.wikidata.org/entity/Q80284,viola,http://commons.wikimedia.org/wiki/Special:FilePath/Bratsche.jpg
http://www.wikidata.org/entity/Q83509,piccolo,http://commons.wikimedia.org/wiki/Special:FilePath/Piccolo.jpg
http://www.wikidata.org/entity/Q83513,contrabassoon,http://commons.wikimedia.org/wiki/Special:FilePath/Contrabassoon2.jpg
http://www.wikidata.org/entity/Q93985,crash cymbal,http://commons.wikimedia.org/wiki/Special:FilePath/2006-07-06%20crash%20paiste%2016.jpg
http://www.wikidata.org/entity/Q131168,tuba,http://commons.wikimedia.org/wiki/Special:FilePath/Yamaha%20Bass%20tuba%20YFB-822.tif
http://www.wikidata.org/entity/Q157420,alto horn,http://commons.wikimedia.org/wiki/Special:FilePath/Althorn%20%28PSF%29.png
http://www.wikidata.org/entity/Q159998,bassoon,http://commons.wikimedia.org/wiki/Special:FilePath/Bassoon%20001.jpg
http://www.wikidata.org/entity/Q163759,horn,http://commons.wikimedia.org/wiki/Special:FilePath/French%20horn%20front.png
http://www.wikidata.org/entity/Q163829,synthesizer,http://commons.wikimedia.org/wiki/Special:FilePath/Micromoog.jpg
http://www.wikidata.org/entity/Q165666,xylophone,http://commons.wikimedia.org/wiki/Special:FilePath/Xylophone%20%28PSF%29.svg
http://www.wikidata.org/entity/Q176926,Cuíca,http://commons.wikimedia.org/wiki/Special:FilePath/Cuica.jpg
http://www.wikidata.org/entity/Q178389,balalaika,http://commons.wikimedia.org/wiki/Special:FilePath/Balalajka%2C%20druga%20polovina%2020.%20veka.jpg
http://www.wikidata.org/entity/Q182718,nyckelharpa,http://commons.wikimedia.org/wiki/Special:FilePath/Didier%20Fran%C3%A7ois%20teaching%20his%20special%20nyckelharpa-technique.jpg
http://www.wikidata.org/entity/Q183932,castanets,http://commons.wikimedia.org/wiki/Special:FilePath/Kastanjetter%2C%20Nordisk%20familjebok.png
http://www.wikidata.org/entity/Q185041,cor anglais,http://commons.wikimedia.org/wiki/Special:FilePath/English%20Horn%20picture.jpg
http://www.wikidata.org/entity/Q187780,ocarina,http://commons.wikimedia.org/wiki/Special:FilePath/2016-01%20Ocarina%20front-back.jpg
http://www.wikidata.org/entity/Q187851,recorder,http://commons.wikimedia.org/wiki/Special:FilePath/VariousRecorderFlutes.jpg
http://www.wikidata.org/entity/Q189388,didgeridoo,http://commons.wikimedia.org/wiki/Special:FilePath/Australiandidgeridoos.jpg
http://www.wikidata.org/entity/Q189737,timpani,http://commons.wikimedia.org/wiki/Special:FilePath/Munich%20-%20A%20standard%20set%20of%20timpani%20Percussion%20-%205647.jpg
http://www.wikidata.org/entity/Q191000,oud,http://commons.wikimedia.org/wiki/Special:FilePath/Oud%20-%20MIM%20PHX.jpg
http://www.wikidata.org/entity/Q193666,tambourine,http://commons.wikimedia.org/wiki/Special:FilePath/Deff%20-%20Tambourine%2C%20p.%20579%20in%20Thomson%2C%201859.jpg
http://www.wikidata.org/entity/Q201735,triangle,http://commons.wikimedia.org/wiki/Special:FilePath/Triangle%20hg.jpg
http://www.wikidata.org/entity/Q203449,zill,http://commons.wikimedia.org/wiki/Special:FilePath/Zils.JPG
http://www.wikidata.org/entity/Q204917,whistle,http://commons.wikimedia.org/wiki/Special:FilePath/Pio%20n%C2%BA%2024%20de%20jatob%C3%A1%2C%20F%C3%A1brica%20de%20Pios%20Maur%C3%ADlio%20Coelho.jpg
http://www.wikidata.org/entity/Q206987,vibraphone,http://commons.wikimedia.org/wiki/Special:FilePath/RCAStudioB%20Vibraphone%201.jpg
http://www.wikidata.org/entity/Q207691,theremin,http://commons.wikimedia.org/wiki/Special:FilePath/Etherwave%20Theremin%20Kit.jpg
http://www.wikidata.org/entity/Q207821,hurdy-gurdy,http://commons.wikimedia.org/wiki/Special:FilePath/Chiesa%20di%20San%20Maurizio%20-%20Museo%20della%20Musica%20in%20Venice%20-%20Ghironda%201850%20.jpg
http://www.wikidata.org/entity/Q208421,snare drum,http://commons.wikimedia.org/wiki/Special:FilePath/2006-07-06%20snare%2014.jpg
http://www.wikidata.org/entity/Q213100,tabla,http://commons.wikimedia.org/wiki/Special:FilePath/Instrument%20perkusyjny%20TABLA%20firmy%20Meinl.jpg
http://www.wikidata.org/entity/Q217306,transposing instrument,http://commons.wikimedia.org/wiki/Special:FilePath/Der%20100.%20Psalm%20Max%20Reger.jpg
http://www.wikidata.org/entity/Q218802,pan flute,http://commons.wikimedia.org/wiki/Special:FilePath/Pan%20flute%20Gibonus%20FP-12.jpg
http://www.wikidata.org/entity/Q220971,marimba,http://commons.wikimedia.org/wiki/Special:FilePath/Marimba-Antonko-AMC12.jpg
http://www.wikidata.org/entity/Q229205,sitar,http://commons.wikimedia.org/wiki/Special:FilePath/Sitar3.jpg
http://www.wikidata.org/entity/Q230471,zurna,http://commons.wikimedia.org/wiki/Special:FilePath/Zournas.jpg
http://www.wikidata.org/entity/Q79982485,Side-Blown Trumpet,http://commons.wikimedia.org/wiki/Special:FilePath/Equatorial%20Africa%2C%20Cameroon%3B%20Fang%2C%2019th%20century%20-%20Side-Blown%20Trumpet%20-%201998.93%20-%20Cleveland%20Museum%20of%20Art.jpg
http://www.wikidata.org/entity/Q80075108,Oliphant (Side-Blown Trumpet),http://commons.wikimedia.org/wiki/Special:FilePath/Central%20Africa%2C%20Democratic%20Republic%20of%20the%20Congo%20%28most%20likely%29%2C%20Cabinda%2C%20or%20-%20Oliphant%20%28Side-Blown%20Trumpet%29%20-%202010.448%20-%20Cleveland%20Museum%20of%20Art.tif
http://www.wikidata.org/entity/Q80871854,Kravik lyre,http://commons.wikimedia.org/wiki/Special:FilePath/NF.1904-0194.jpg
http://www.wikidata.org/entity/Q104413030,Goqing,http://commons.wikimedia.org/wiki/Special:FilePath/Goqing%20MET%20DP216549.jpg
http://www.wikidata.org/entity/Q115298896,komet,http://commons.wikimedia.org/wiki/Special:FilePath/Komet%20in%20Siak.JPG
http://www.wikidata.org/entity/Q116827154,Ọjà (flute),http://commons.wikimedia.org/wiki/Special:FilePath/Oja.jpg
http://www.wikidata.org/entity/Q117061610,Amos,http://commons.wikimedia.org/wiki/Special:FilePath/Joe%20Bonamassa%202-18-23%20Riverside%20Theatre%20in%20Milwaukee.jpg
http://www.wikidata.org/entity/Q117337764,mashak,http://commons.wikimedia.org/wiki/Special:FilePath/Mashak%2C%20Indian%20Bagpipe.jpg
http://www.wikidata.org/entity/Q117337774,turhi,http://commons.wikimedia.org/wiki/Special:FilePath/Turhi%2C%20short%20trumpet.jpg
http://www.wikidata.org/entity/Q117337793,Plate Tarang,http://commons.wikimedia.org/wiki/Special:FilePath/Plate%20Tarang.jpg
http://www.wikidata.org/entity/Q117337798,poongi,http://commons.wikimedia.org/wiki/Special:FilePath/Poongi%2C%20Jaipur.jpg
http://www.wikidata.org/entity/Q117337804,bigul,http://commons.wikimedia.org/wiki/Special:FilePath/Horn%20Bigul%2C%20Jaipur.jpg
http://www.wikidata.org/entity/Q117337822,Types of Sarangi,http://commons.wikimedia.org/wiki/Special:FilePath/Types%20of%20Sarangi.jpg
http://www.wikidata.org/entity/Q241337,shamisen,http://commons.wikimedia.org/wiki/Special:FilePath/ShamisenBuskerPittStreetSydney.JPG
http://www.wikidata.org/entity/Q243998,bongo drum,http://commons.wikimedia.org/wiki/Special:FilePath/Bongo.jpg
http://www.wikidata.org/entity/Q258896,banjo,http://commons.wikimedia.org/wiki/Special:FilePath/Bluegrass%20banjo.png
http://www.wikidata.org/entity/Q266675,bass flute,http://commons.wikimedia.org/wiki/Special:FilePath/Paas%20floote.jpg
http://www.wikidata.org/entity/Q270200,conga,http://commons.wikimedia.org/wiki/Special:FilePath/2006-06-03%20Congas1.JPG
http://www.wikidata.org/entity/Q289037,koto,http://commons.wikimedia.org/wiki/Special:FilePath/Koto%20by%20Fumie%20Hihara%202016.png
http://www.wikidata.org/entity/Q290688,wind machine,http://commons.wikimedia.org/wiki/Special:FilePath/Ravensburg%20Konzerthaus%20Historische%20Klangerzeuger%20Windmaschine.jpg
http://www.wikidata.org/entity/Q302497,mandolin,http://commons.wikimedia.org/wiki/Special:FilePath/Mandolin1.jpg
http://www.wikidata.org/entity/Q322675,bouzouki,http://commons.wikimedia.org/wiki/Special:FilePath/Bouzouki%20tetrachordo.jpg
http://www.wikidata.org/entity/Q324299,aulos,http://commons.wikimedia.org/wiki/Special:FilePath/Banquet%20Euaion%20Louvre%20G467.jpg
http://www.wikidata.org/entity/Q339359,gemshorn,http://commons.wikimedia.org/wiki/Special:FilePath/Gemshorn%20Alt.jpg
http://www.wikidata.org/entity/Q381629,eunuch flute,http://commons.wikimedia.org/wiki/Special:FilePath/Fl%C3%BBte%20a%20l%27%20agnon1.jpg
http://www.wikidata.org/entity/Q382616,flugelhorn,http://commons.wikimedia.org/wiki/Special:FilePath/Chuck%20Mangione%20DSC0042%202.jpg
http://www.wikidata.org/entity/Q389949,imzad,http://commons.wikimedia.org/wiki/Special:FilePath/COLLECTIE%20TROPENMUSEUM%20Langhalsluit%20met%201%20snaar%20TMnr%202760-74.jpg
http://www.wikidata.org/entity/Q390110,vibraslap,http://commons.wikimedia.org/wiki/Special:FilePath/Vibraslap2.jpg
http://www.wikidata.org/entity/Q390570,hornpipe,http://commons.wikimedia.org/wiki/Special:FilePath/Falsterpiben%20Rekonstr.jpg
http://www.wikidata.org/entity/Q395212,agogô,http://commons.wikimedia.org/wiki/Special:FilePath/Modern-Agogo.jpg
http://www.wikidata.org/entity/Q426948,sistrum,http://commons.wikimedia.org/wiki/Special:FilePath/Mostra%20Olearie%20-%20sistro%201010384.JPG
http://www.wikidata.org/entity/Q468776,charango,http://commons.wikimedia.org/wiki/Special:FilePath/Bolivian%20charango%20001.jpg
http://www.wikidata.org/entity/Q500568,Lyra,http://commons.wikimedia.org/wiki/Special:FilePath/Cal%20Band%20en%20route%20to%20Memorial%20Stadium%20for%202008%20Big%20Game%2021.JPG
http://www.wikidata.org/entity/Q512191,melodica,http://commons.wikimedia.org/wiki/Special:FilePath/Melodicas.jpg
http://www.wikidata.org/entity/Q521151,baryton,http://commons.wikimedia.org/wiki/Special:FilePath/Aagrovebaryton.jpg
http://www.wikidata.org/entity/Q524526,shakuhachi,http://commons.wikimedia.org/wiki/Special:FilePath/JapaneseShakuhachiSection.jpg
http://www.wikidata.org/entity/Q537750,djembe,http://commons.wikimedia.org/wiki/Special:FilePath/Djemb%C3%A9%27s.jpg
http://www.wikidata.org/entity/Q539942,phorminx,http://commons.wikimedia.org/wiki/Special:FilePath/939b2.jpg
http://www.wikidata.org/entity/Q541533,wind organ,http://commons.wikimedia.org/wiki/Special:FilePath/Klangspiel%20Waldlehrpfad%20K%C3%B6nigstuhl.JPG
http://www.wikidata.org/entity/Q584967,Lira da braccio,http://commons.wikimedia.org/wiki/Special:FilePath/Lira%20da%20braccio.png
http://www.wikidata.org/entity/Q585969,kora,http://commons.wikimedia.org/wiki/Special:FilePath/Kora%20DSC%200355.JPG
http://www.wikidata.org/entity/Q593995,player piano,http://commons.wikimedia.org/wiki/Special:FilePath/SteinwayWelte1919.jpg
http://www.wikidata.org/entity/Q595730,viola pomposa,http://commons.wikimedia.org/wiki/Special:FilePath/Viola%20Pomposa%20MET%2083993.jpg
http://www.wikidata.org/entity/Q602719,piccolo oboe,http://commons.wikimedia.org/wiki/Special:FilePath/Hautbois%20musette%20bois%20de%20rose%2019%C3%A8me.JPG
http://www.wikidata.org/entity/Q604538,temple block,http://commons.wikimedia.org/wiki/Special:FilePath/Auftaktveranstaltung%20zu%20%E2%80%9EK%C3%B6lner%20retten%20ihr%20Stadtged%C3%A4chtnis%E2%80%9C-8978.jpg
http://www.wikidata.org/entity/Q608926,harmonichord,http://commons.wikimedia.org/wiki/Special:FilePath/Die%20Gartenlaube%20%281860%29%20b%20709.jpg
http://www.wikidata.org/entity/Q623941,spinet,http://commons.wikimedia.org/wiki/Special:FilePath/Spinet%20MET%20mi53.6ab.R.jpg
http://www.wikidata.org/entity/Q628428,slit drums,http://commons.wikimedia.org/wiki/Special:FilePath/TamTam.jpg
http://www.wikidata.org/entity/Q638182,arpeggione,http://commons.wikimedia.org/wiki/Special:FilePath/Arpeggione%20Henning%20Aschauer%201968.png
http://www.wikidata.org/entity/Q655389,cristal baschet,http://commons.wikimedia.org/wiki/Special:FilePath/The%20cristal%20baschet.jpg
http://www.wikidata.org/entity/Q656696,slide whistle,http://commons.wikimedia.org/wiki/Special:FilePath/Flauta%20d%27%C3%A8mbol%20-%20edit.jpg
http://www.wikidata.org/entity/Q665657,citole,http://commons.wikimedia.org/wiki/Special:FilePath/Citole-BritishMuseum-bgw.jpg
http://www.wikidata.org/entity/Q666971,bullroarer,http://commons.wikimedia.org/wiki/Special:FilePath/Bull%20roarers.jpg
http://www.wikidata.org/entity/Q669370,gusle,http://commons.wikimedia.org/wiki/Special:FilePath/Gusle%20Zelovo%20kod%20Sinja%20Juki%C4%87%20260109.jpg
http://www.wikidata.org/entity/Q685206,alphorn,http://commons.wikimedia.org/wiki/Special:FilePath/Alphorn%20player%20in%20Wallis.jpg
http://www.wikidata.org/entity/Q692640,octobass,http://commons.wikimedia.org/wiki/Special:FilePath/Octobasse.jpg
http://www.wikidata.org/entity/Q737520,rebec,http://commons.wikimedia.org/wiki/Special:FilePath/Rebec%20fiddle.jpg
http://www.wikidata.org/entity/Q742168,serpent,http://commons.wikimedia.org/wiki/Special:FilePath/Manifattura%20italiana%2C%20Serpentone%2C%20fine%20sec.%20XVIII.%20Museo%20Civico%20di%20Modena%2C%20foto%20P.%20Terzi.jpg
http://www.wikidata.org/entity/Q742180,viola d'amore,http://commons.wikimedia.org/wiki/Special:FilePath/Viola%20d%27amore.jpg
http://www.wikidata.org/entity/Q743836,ney,http://commons.wikimedia.org/wiki/Special:FilePath/KizNey.jpg
http://www.wikidata.org/entity/Q745769,sipsi,http://commons.wikimedia.org/wiki/Special:FilePath/Sipsi.jpg
http://www.wikidata.org/entity/Q748420,colascione,http://commons.wikimedia.org/wiki/Special:FilePath/Colascione.jpg
http://www.wikidata.org/entity/Q751884,vihuela,http://commons.wikimedia.org/wiki/Special:FilePath/Vihuela1954Text2.jpg
http://www.wikidata.org/entity/Q766461,crwth,http://commons.wikimedia.org/wiki/Special:FilePath/Crwth%20rem.jpg
http://www.wikidata.org/entity/Q775570,cowbell,http://commons.wikimedia.org/wiki/Special:FilePath/Koebel.jpg
http://www.wikidata.org/entity/Q787557,saxhorn,http://commons.wikimedia.org/wiki/Special:FilePath/Saxhornbasse.jpg
http://www.wikidata.org/entity/Q789141,balafon,http://commons.wikimedia.org/wiki/Special:FilePath/Balafon%20%28Aly%20Keita%29%20Unterfahrt%202010-03-11-001.jpg
http://www.wikidata.org/entity/Q790312,barbiton,http://commons.wikimedia.org/wiki/Special:FilePath/Barbitos%2C%20Nordisk%20familjebok.png
http://www.wikidata.org/entity/Q810515,basset horn,http://commons.wikimedia.org/wiki/Special:FilePath/Schwenk%2BSeggelke%20Bassetthorn-mue.jpg
http://www.wikidata.org/entity/Q829729,biwa,http://commons.wikimedia.org/wiki/Special:FilePath/Biwa.png
http://www.wikidata.org/entity/Q830863,violino piccolo,http://commons.wikimedia.org/wiki/Special:FilePath/Klein%20Diskant-Geige%20und%20Viola-Tenor-1594.jpg
http://www.wikidata.org/entity/Q840920,theorbo,http://commons.wikimedia.org/wiki/Special:FilePath/Barocktheorbe%20Martin%20Hoffmann%20ed.JPG
http://www.wikidata.org/entity/Q845193,xylorimba,http://commons.wikimedia.org/wiki/Special:FilePath/Xylorimba%20%28from%20Emil%20Richards%20Collection%29.jpg
http://www.wikidata.org/entity/Q849349,tom-tom drum,http://commons.wikimedia.org/wiki/Special:FilePath/Tom-tom%2012x8.jpg
http://www.wikidata.org/entity/Q850118,claves,http://commons.wikimedia.org/wiki/Special:FilePath/Playingclaves.jpg
http://www.wikidata.org/entity/Q871633,handbell,http://commons.wikimedia.org/wiki/Special:FilePath/Handbells%20Whitechapel.jpg
http://www.wikidata.org/entity/Q901239,sarrusophone,http://commons.wikimedia.org/wiki/Special:FilePath/Soprano%20Sarrusophone%20in%20B-flat%20MET%20mus350a.jpeg
http://www.wikidata.org/entity/Q902984,Wagner tuba,http://commons.wikimedia.org/wiki/Special:FilePath/Double%20Wagner%20tuba%20by%20Alexander.jpg
http://www.wikidata.org/entity/Q904646,qanun,http://commons.wikimedia.org/wiki/Special:FilePath/Q%C4%81n%C5%ABn%20-%20MET%2089.4.330.jpg
http://www.wikidata.org/entity/Q911038,dulcian,http://commons.wikimedia.org/wiki/Special:FilePath/Dulcians%20Brussels.jpg
http://www.wikidata.org/entity/Q917571,glass harmonica,http://commons.wikimedia.org/wiki/Special:FilePath/Glassharmonica.png
http://www.wikidata.org/entity/Q922337,virginal,http://commons.wikimedia.org/wiki/Special:FilePath/Virginal.jpg
http://www.wikidata.org/entity/Q930342,rainstick,http://commons.wikimedia.org/wiki/Special:FilePath/Rainstick%2001.png
http://www.wikidata.org/entity/Q930827,regal,http://commons.wikimedia.org/wiki/Special:FilePath/Regal%20MET%20DP302650.jpg
http://www.wikidata.org/entity/Q943438,txalaparta,http://commons.wikimedia.org/wiki/Special:FilePath/Two%20txalaparta%20players%20at%20a%20performance%20in%20a%20fiesta.jpg
http://www.wikidata.org/entity/Q946304,Salpinx,http://commons.wikimedia.org/wiki/Special:FilePath/Salpinx%20player%20MAR%20Palermo%20NI1853.jpg
http://www.wikidata.org/entity/Q953846,nail violin,http://commons.wikimedia.org/wiki/Special:FilePath/Nail%20violin%2CBohemia.jpg
http://www.wikidata.org/entity/Q954753,ratchet,http://commons.wikimedia.org/wiki/Special:FilePath/Troccole.jpg
http://www.wikidata.org/entity/Q957212,wood block,http://commons.wikimedia.org/wiki/Special:FilePath/WoodBlock.jpg
http://www.wikidata.org/entity/Q961470,A♭ clarinet,http://commons.wikimedia.org/wiki/Special:FilePath/Piccolo%20Clarinet%20in%20A-flat%20MET%20MUS315A7.jpg
http://www.wikidata.org/entity/Q963334,hi-hat,http://commons.wikimedia.org/wiki/Special:FilePath/Hi-hat.jpg
http://www.wikidata.org/entity/Q996531,post horn,http://commons.wikimedia.org/wiki/Special:FilePath/Posthorn-echt.jpg
http://www.wikidata.org/entity/Q1001877,flageolet,http://commons.wikimedia.org/wiki/Special:FilePath/Flageolets.jpg
http://www.wikidata.org/entity/Q1024685,cabasa,http://commons.wikimedia.org/wiki/Special:FilePath/Cabasa.jpg
http://www.wikidata.org/entity/Q1044408,psaltery,http://commons.wikimedia.org/wiki/Special:FilePath/Chiesa%20di%20San%20Maurizio%20-%20Salterio%20-%20Scuola%20Veniziana%20-%201700.jpg
http://www.wikidata.org/entity/Q1048934,pommer,http://commons.wikimedia.org/wiki/Special:FilePath/Pommerenriet.jpg
http://www.wikidata.org/entity/Q1060334,chalumeau,http://commons.wikimedia.org/wiki/Special:FilePath/Pocketinos.jpg
http://www.wikidata.org/entity/Q1075560,chocalho,http://commons.wikimedia.org/wiki/Special:FilePath/Chocalho.JPG
http://www.wikidata.org/entity/Q1093290,cittern,http://commons.wikimedia.org/wiki/Special:FilePath/Cistre%2C%20s.%20XVI%2C%20MDMB%20331.jpg
http://www.wikidata.org/entity/Q1094813,pochette,http://commons.wikimedia.org/wiki/Special:FilePath/Pochette%20MET%20DP225415.jpg
http://www.wikidata.org/entity/Q1095084,Tromba marina,http://commons.wikimedia.org/wiki/Special:FilePath/Tromba%20marina%20mersenne%20001.jpg
http://www.wikidata.org/entity/Q1129422,morin khuur,http://commons.wikimedia.org/wiki/Special:FilePath/Mongolian%20horse%20violin.JPG
http://www.wikidata.org/entity/Q191823,clavichord,http://commons.wikimedia.org/wiki/Special:FilePath/Clavichord%20MET%20DP302629.jpg
http://www.wikidata.org/entity/Q2539852,Tutankhamun's trumpets,http://commons.wikimedia.org/wiki/Special:FilePath/Silver%20trumpet%20from%20Tutankhamun%27s%20tomb.jpg
http://www.wikidata.org/entity/Q2598011,Xeremia,http://commons.wikimedia.org/wiki/Special:FilePath/Xeremies%20de%20Mallorca.jpg
http://www.wikidata.org/entity/Q6049870,Olifant of Borradaile,http://commons.wikimedia.org/wiki/Special:FilePath/Borradaile%20Oliphant-%20DSC2276.jpg
http://www.wikidata.org/entity/Q7360425,Roland SP-404,http://commons.wikimedia.org/wiki/Special:FilePath/Sp-404sx.jpg
http://www.wikidata.org/entity/Q13200682,Waditra,http://commons.wikimedia.org/wiki/Special:FilePath/Two%20Sundanese%20Saron%20and%20a%20Gong%20Gede%20Gedhe%20in%20the%20background%20from%20a%20set%20of%20gamelan%20degung.jpg
http://www.wikidata.org/entity/Q60759326,Whistle,http://commons.wikimedia.org/wiki/Special:FilePath/Central%20Africa%2C%20Democratic%20Republic%20of%20the%20Congo%20or%20Angola%2C%20Chokwe%20people%2C%20-%20Whistle%20-%201915.443%20-%20Cleveland%20Museum%20of%20Art.tif
http://www.wikidata.org/entity/Q79475735,Whistle,http://commons.wikimedia.org/wiki/Special:FilePath/Central%20Africa%2C%20Democratic%20Republic%20of%20the%20Congo%20or%20Angola%2C%20Chokwe%20people%2C%20-%20Whistle%20-%201915.442%20-%20Cleveland%20Museum%20of%20Art.jpg
http://www.wikidata.org/entity/Q79475739,Whistle,http://commons.wikimedia.org/wiki/Special:FilePath/Central%20Africa%2C%20Democratic%20Republic%20of%20the%20Congo%20or%20Angola%2C%20Chokwe%20people%2C%20-%20Whistle%20-%201915.444%20-%20Cleveland%20Museum%20of%20Art.tif
http://www.wikidata.org/entity/Q79475752,Whistle,http://commons.wikimedia.org/wiki/Special:FilePath/Central%20Africa%2C%20Democratic%20Republic%20of%20the%20Congo%20or%20Angola%2C%20Chokwe%20people%2C%20-%20Whistle%20-%201915.454%20-%20Cleveland%20Museum%20of%20Art.jpg
http://www.wikidata.org/entity/Q79475802,Lamellophone (chisanji),http://commons.wikimedia.org/wiki/Special:FilePath/Central%20Africa%2C%20Democratic%20Republic%20of%20the%20Congo%20or%20Angola%2C%20Chokwe%20peoples%2C%20-%20Thumb%20Piano%20-%201915.495%20-%20Cleveland%20Museum%20of%20Art.tif
http://www.wikidata.org/entity/Q79485139,Sitar,http://commons.wikimedia.org/wiki/Special:FilePath/India%2C%20British%20Period%20-%20Vina%20-%201918.346%20-%20Cleveland%20Museum%20of%20Art.tif
http://www.wikidata.org/entity/Q79485152,Tsuzumi Drum,http://commons.wikimedia.org/wiki/Special:FilePath/Japan%2C%20Edo%20%281615-1868%29%20-%20Meiji%20%281868-1912%29%20periods%20-%20Tsuzumi%20Drum%20-%201918.349%20-%20Cleveland%20Museum%20of%20Art.jpg
http://www.wikidata.org/entity/Q79485254,Lute or Tiorbino,http://commons.wikimedia.org/wiki/Special:FilePath/Italy%2C%20probably%20made%20in%20the%20mid-17th%20century%2C%20but%20modified%20by%20later%20repair%20-%20Lute%20or%20Tiorbino%20-%201918.368%20-%20Cleveland%20Museum%20of%20Art.tif
http://www.wikidata.org/entity/Q10864032,hitoyogiri,http://commons.wikimedia.org/wiki/Special:FilePath/%E4%B8%80%E7%AF%80%E5%88%87.jpg
http://www.wikidata.org/entity/Q11434792,cromorne,http://commons.wikimedia.org/wiki/Special:FilePath/Cromorne%20Borjon%201672.png
http://www.wikidata.org/entity/Q12272796,ayumaa,http://commons.wikimedia.org/wiki/Special:FilePath/%D0%90%D1%8E%D0%BC%D0%B0%D0%B0.jpg
http://www.wikidata.org/entity/Q12634515,kithara,http://commons.wikimedia.org/wiki/Special:FilePath/Britannica%20Cithara%20Phorminx.jpg
http://www.wikidata.org/entity/Q13522655,three-hole pipe,http://commons.wikimedia.org/wiki/Special:FilePath/Flautade3cerca.JPG
http://www.wikidata.org/entity/Q13744339,knaptand,http://commons.wikimedia.org/wiki/Special:FilePath/2%20knaptanden.JPG
http://www.wikidata.org/entity/Q16632086,musical anvil,http://commons.wikimedia.org/wiki/Special:FilePath/Enclumes%20Ionisation.JPG
http://www.wikidata.org/entity/Q16661393,Lutar,http://commons.wikimedia.org/wiki/Special:FilePath/COLLECTIE%20TROPENMUSEUM%20Langhalsluit%20met%20twee%20snaren%20TMnr%203423-1.jpg
http://www.wikidata.org/entity/Q18456301,Practice pad,http://commons.wikimedia.org/wiki/Special:FilePath/Practice%20pad%20-%20Vladimir%20Morozov.jpg
http://www.wikidata.org/entity/Q21071111,Therevox,http://commons.wikimedia.org/wiki/Special:FilePath/Therevox.jpg
http://www.wikidata.org/entity/Q24950289,Darkhuang,http://commons.wikimedia.org/wiki/Special:FilePath/Zamluang.jpg
http://www.wikidata.org/entity/Q36973404,batyphone,http://commons.wikimedia.org/wiki/Special:FilePath/Batyphon%20-%20issu%20de%20Larousse%201898.png
http://www.wikidata.org/entity/Q46996061,contrabass trombone,http://commons.wikimedia.org/wiki/Special:FilePath/Wessex%20contrabass%20trombone%20in%20F.jpg
http://www.wikidata.org/entity/Q51446928,bass viol,http://commons.wikimedia.org/wiki/Special:FilePath/Bas%20viola%20da%20gamba%2C%20Pieter%20Rombouts%2C%201726.jpg
http://www.wikidata.org/entity/Q56411346,African slit drums,http://commons.wikimedia.org/wiki/Special:FilePath/Lukumvu%2C%20Congo%20%E2%80%93%20Tambour%20t%C3%A9l%C3%A9graphique.jpg
http://www.wikidata.org/entity/Q64166304,electric bass guitar,http://commons.wikimedia.org/wiki/Special:FilePath/Gitara%20basowa%20Road%20Worn%2050%27s%20P-Bass%20firmy%20Fender.jpg
http://www.wikidata.org/entity/Q1141589,crotales,http://commons.wikimedia.org/wiki/Special:FilePath/Cymbales-E%2012567-img%202793.jpg
http://www.wikidata.org/entity/Q1165766,metallophone,http://commons.wikimedia.org/wiki/Special:FilePath/Traditional%20indonesian%20instruments.jpg
http://www.wikidata.org/entity/Q1179017,daxophone,http://commons.wikimedia.org/wiki/Special:FilePath/Daxophone.jpg
http://www.wikidata.org/entity/Q1186958,dendrophone,http://commons.wikimedia.org/wiki/Special:FilePath/Dendrophon%20%28Uchtelfangen%29%202019-01.jpg
http://www.wikidata.org/entity/Q95994094,Huantou,http://commons.wikimedia.org/wiki/Special:FilePath/Qing%20barbers%20at%20work.jpg
http://www.wikidata.org/entity/Q106581486,Tibia,http://commons.wikimedia.org/wiki/Special:FilePath/Etruscan%20Painting%203.jpg
http://www.wikidata.org/entity/Q106773111,Greek santur,http://commons.wikimedia.org/wiki/Special:FilePath/Greek%20Santur.jpg
http://www.wikidata.org/entity/Q106782089,Kinnari vina,http://commons.wikimedia.org/wiki/Special:FilePath/Kinnari%20Veena%2C%20by%20William%20Gibb%2C%20from%20Music%20and%20Musical%20Instruments%20of%20India%20and%20the%20Deccan%20by%20C%20R%20Day.jpg
http://www.wikidata.org/entity/Q107324933,Eka-tantri Vina,http://commons.wikimedia.org/wiki/Special:FilePath/Decorations%20of%20the%20Mukteshvara%20Temple%20of%20Bhubaneswar%2002.jpg
http://www.wikidata.org/entity/Q107324948,Alapini Vina,http://commons.wikimedia.org/wiki/Special:FilePath/Ellora%2C%20cave%2021%2C%20Shiva%20with%20vina.jpg
http://www.wikidata.org/entity/Q111687413,electric charango,http://commons.wikimedia.org/wiki/Special:FilePath/Charango%20el%C3%A9ctrico%2001.jpg
http://www.wikidata.org/entity/Q111842128,Church Drums,http://commons.wikimedia.org/wiki/Special:FilePath/Church%20drums%20at%20the%20Ghana%20Art%20Centre%2002.jpg
http://www.wikidata.org/entity/Q115556869,pBone,http://commons.wikimedia.org/wiki/Special:FilePath/The%20Trombone%20Show%20%28color%29.JPG
http://www.wikidata.org/entity/Q117069790,Bamboo stem,http://commons.wikimedia.org/wiki/Special:FilePath/Instrument%20used%20in%20performing%20Nkwa-nwaite.jpg
http://www.wikidata.org/entity/Q117069972,Metal Gong,http://commons.wikimedia.org/wiki/Special:FilePath/Ogele.jpg
http://www.wikidata.org/entity/Q117072258,Marakash,http://commons.wikimedia.org/wiki/Special:FilePath/Oyara.jpg
http://www.wikidata.org/entity/Q1235547,doli,http://commons.wikimedia.org/wiki/Special:FilePath/Doli%2CTbilisi2.jpg
http://www.wikidata.org/entity/Q1241859,thunder sheet,http://commons.wikimedia.org/wiki/Special:FilePath/Macchina%20del%20tuono.jpg
http://www.wikidata.org/entity/Q1243782,quinton,http://commons.wikimedia.org/wiki/Special:FilePath/Quinton%20%28violon%29.jpg
http://www.wikidata.org/entity/Q1243790,Dord,http://commons.wikimedia.org/wiki/Special:FilePath/Bronzeageirishhorns.png
http://www.wikidata.org/entity/Q1258456,Tenori-on,http://commons.wikimedia.org/wiki/Special:FilePath/Tenori-on-london-2nd-january-2008.JPG
http://www.wikidata.org/entity/Q1288250,celtic harp,http://commons.wikimedia.org/wiki/Special:FilePath/Celtic%20harp%20dsc05425.jpg
http://www.wikidata.org/entity/Q1328415,tenora,http://commons.wikimedia.org/wiki/Special:FilePath/Tenora%2C%20Andreu%20Turon.jpg
http://www.wikidata.org/entity/Q1366388,E♭ clarinet,http://commons.wikimedia.org/wiki/Special:FilePath/Clarinet%20in%20Eb.jpg
http://www.wikidata.org/entity/Q1398629,rackett,http://commons.wikimedia.org/wiki/Special:FilePath/BaroqueRackett.jpg
http://www.wikidata.org/entity/Q1410790,whip,http://commons.wikimedia.org/wiki/Special:FilePath/Ludwig%20Slapstick.JPG
http://www.wikidata.org/entity/Q1414882,Turkish crescent,http://commons.wikimedia.org/wiki/Special:FilePath/Schellenbaum%20Bundeswehr.JPG
http://www.wikidata.org/entity/Q1426827,flexatone,http://commons.wikimedia.org/wiki/Special:FilePath/Flexatone%20Apr2005.jpg
http://www.wikidata.org/entity/Q1434775,musical clock,http://commons.wikimedia.org/wiki/Special:FilePath/Musical%20Clock%20with%20Spinet%20and%20Organ%20MET%20DP302691.jpg
http://www.wikidata.org/entity/Q1445673,flûte d'amour,http://commons.wikimedia.org/wiki/Special:FilePath/Flute%20d%27amour.jpg
http://www.wikidata.org/entity/Q1467960,mbira,http://commons.wikimedia.org/wiki/Special:FilePath/Holding%20an%20mbira%20dzavadzimu.jpg
http://www.wikidata.org/entity/Q1515888,rototom,http://commons.wikimedia.org/wiki/Special:FilePath/Rototom%201.jpg
http://www.wikidata.org/entity/Q1571002,heckelphone,http://commons.wikimedia.org/wiki/Special:FilePath/Heckelphon%20Wilhelm%20Heckel.jpg
http://www.wikidata.org/entity/Q1621499,wind chime,http://commons.wikimedia.org/wiki/Special:FilePath/Wchime.jpg
http://www.wikidata.org/entity/Q1628293,bugle,http://commons.wikimedia.org/wiki/Special:FilePath/German%20military%20trumpet%20Memorial%20de%20Verdun.JPG
http://www.wikidata.org/entity/Q1633881,archlute,http://commons.wikimedia.org/wiki/Special:FilePath/Aartsluit%20%28liuto%20attiorbato%29%2C%20BK-2016-98-3.jpg
http://www.wikidata.org/entity/Q1640934,rubab,http://commons.wikimedia.org/wiki/Special:FilePath/Rubab.jpg
http://www.wikidata.org/entity/Q1680874,trembita,http://commons.wikimedia.org/wiki/Special:FilePath/%D0%A2%D1%80%D0%B5%D0%BC%D0%B1%D1%96%D1%82%D0%B8.jpg
http://www.wikidata.org/entity/Q1704079,lithophone,http://commons.wikimedia.org/wiki/Special:FilePath/Jinan%202009%201168.jpg
http://www.wikidata.org/entity/Q1760274,oboe da caccia,http://commons.wikimedia.org/wiki/Special:FilePath/Oboe%20da%20caccia.jpg
http://www.wikidata.org/entity/Q1871532,tambu,http://commons.wikimedia.org/wiki/Special:FilePath/Collectie%20Nationaal%20Museum%20van%20Wereldculturen%20RV-07-594%20Trom%20Nederlandse%20Antillen.jpg
http://www.wikidata.org/entity/Q1889072,Mandriola,http://commons.wikimedia.org/wiki/Special:FilePath/Mandolina.jpg
http://www.wikidata.org/entity/Q2030802,Roman tuba,http://commons.wikimedia.org/wiki/Special:FilePath/Tuba%20romana%20%28reconstrucci%C3%B3%29.jpg
http://www.wikidata.org/entity/Q2142015,piccolo trombone,http://commons.wikimedia.org/wiki/Special:FilePath/Piccolo%20Trombone.jpg
http://www.wikidata.org/entity/Q2216381,chitarrone,http://commons.wikimedia.org/wiki/Special:FilePath/Page%20348%20%28A%20Dictionary%20of%20Music%20and%20Musicians-Volume%201%29.jpg
http://www.wikidata.org/entity/Q2216785,cobza,http://commons.wikimedia.org/wiki/Special:FilePath/%D0%9C%D0%BE%D0%BB%D0%B4%D0%B0%D0%B2%D1%81%D0%BA%D0%B0%D1%8F%20%D0%BA%D0%BE%D0%B1%D0%B7%D0%B0.png
http://www.wikidata.org/entity/Q2237198,güiro,http://commons.wikimedia.org/wiki/Special:FilePath/180%20Museu%20de%20la%20M%C3%BAsica%2C%20el%20Bosc.jpg
http://www.wikidata.org/entity/Q2255516,fife,http://commons.wikimedia.org/wiki/Special:FilePath/Manet%2C%20Edouard%20-%20Young%20Flautist%2C%20or%20The%20Fifer%2C%201866%20%282%29.jpg
http://www.wikidata.org/entity/Q2276536,Shaker (musical instrument),http://commons.wikimedia.org/wiki/Special:FilePath/Shakers.jpg
http://www.wikidata.org/entity/Q2625622,sopranino recorder,http://commons.wikimedia.org/wiki/Special:FilePath/Yamaha%20Recorder%20YRN-814.jpg
http://www.wikidata.org/entity/Q2882099,banda,http://commons.wikimedia.org/wiki/Special:FilePath/2018-FSJL%20-%20Banda.jpg
http://www.wikidata.org/entity/Q3083684,tabor,http://commons.wikimedia.org/wiki/Special:FilePath/Timbal%20fondo.JPG
http://www.wikidata.org/entity/Q3120692,Hawaiian guitar,http://commons.wikimedia.org/wiki/Special:FilePath/RogerSteel2b.jpg
http://www.wikidata.org/entity/Q3143699,hydraulophone,http://commons.wikimedia.org/wiki/Special:FilePath/HHSB%20playing%20Suite%20for%20Hydraulophone.jpg
http://www.wikidata.org/entity/Q3153674,Intonarumori,http://commons.wikimedia.org/wiki/Special:FilePath/Russolointonorumori.jpg
http://www.wikidata.org/entity/Q3354977,psalmodicon,http://commons.wikimedia.org/wiki/Special:FilePath/Psalmodikon%2C%20Gagnef%2C%20Dalarna%2C%20Sverige%201.JPG
http://www.wikidata.org/entity/Q3393118,podorythmie,http://commons.wikimedia.org/wiki/Special:FilePath/Olivier%20Demers%20en%20spectacle%20avec%20Le%20Vent%20du%20Nord.jpg
http://www.wikidata.org/entity/Q3424319,tanbur,http://commons.wikimedia.org/wiki/Special:FilePath/Tambur.jpg
http://www.wikidata.org/entity/Q3545453,mandore,http://commons.wikimedia.org/wiki/Special:FilePath/Carlos%20Gonzalez%20Marcos%20made%20Mandore.jpg
http://www.wikidata.org/entity/Q3574205,string tambourine,http://commons.wikimedia.org/wiki/Special:FilePath/Toum-toum.jpg
http://www.wikidata.org/entity/Q3574707,Zamar,http://commons.wikimedia.org/wiki/Special:FilePath/Zamar.jpg
http://www.wikidata.org/entity/Q3574843,tonbak,http://commons.wikimedia.org/wiki/Special:FilePath/Tombak%20Tonbak%20Persian%20percussion%20Instrument.jpg
http://www.wikidata.org/entity/Q3675195,lyre-guitar,http://commons.wikimedia.org/wiki/Special:FilePath/Guitarra-lira.jpg
http://www.wikidata.org/entity/Q4358503,Drum,http://commons.wikimedia.org/wiki/Special:FilePath/Igba%201.jpg
http://www.wikidata.org/entity/Q4395534,Russian horn,http://commons.wikimedia.org/wiki/Special:FilePath/Alexey%20Ivanov%20%28trumpet%29%20and%20the%20Russian%20Horn%20Capella.jpg
http://www.wikidata.org/entity/Q5350631,Wooden gong,http://commons.wikimedia.org/wiki/Special:FilePath/Ekwe%20nta.jpg
http://www.wikidata.org/entity/Q5530911,Gendang beleq,http://commons.wikimedia.org/wiki/Special:FilePath/COLLECTIE%20TROPENMUSEUM%20Dans%20met%20trommels%20op%20Lombok%20TMnr%2010004743.jpg
http://www.wikidata.org/entity/Q6415141,reyong,http://commons.wikimedia.org/wiki/Special:FilePath/Gamelan%20of%20Bali%20200507-4.jpg
http://www.wikidata.org/entity/Q6610630,steelpan,http://commons.wikimedia.org/wiki/Special:FilePath/Aasteeldrum.jpg
http://www.wikidata.org/entity/Q6685124,pipa,http://commons.wikimedia.org/wiki/Special:FilePath/Pipa%20MET%20DP216711.jpg
http://www.wikidata.org/entity/Q6701540,Lujon,http://commons.wikimedia.org/wiki/Special:FilePath/Lujon%20%28from%20Emil%20Richards%20Collection%29.jpg
http://www.wikidata.org/entity/Q7079990,Ogene,http://commons.wikimedia.org/wiki/Special:FilePath/Ogene.jpg
http://www.wikidata.org/entity/Q7489204,Shapar,http://commons.wikimedia.org/wiki/Special:FilePath/Shapar%20Bagpipe.jpg
http://www.wikidata.org/entity/Q7563204,soprano clarinet,http://commons.wikimedia.org/wiki/Special:FilePath/Clarinet.jpg
http://www.wikidata.org/entity/Q7578333,spitzharfe,http://commons.wikimedia.org/wiki/Special:FilePath/Spitzharfe%20MET%20MUS19A.jpg
http://www.wikidata.org/entity/Q7672803,taal,http://commons.wikimedia.org/wiki/Special:FilePath/Manjeera%20or%20Taal.jpg